{
    "accuracy": 0.3333333333333333,
    "precision": [
        0.0,
        0.0,
        0.3333333333333333,
        0.0
    ],
    "recall": [
        0.0,
        0.0,
        1.0,
        0.0
    ],
    "f1_score": [
        0.0,
        0.0,
        0.5,
        0.0
    ],
    "micro_avg": {
        "precision": 0.3333333333333333,
        "recall": 0.3333333333333333,
        "f1_score": 0.3333333333333333
    },
    "macro_avg": {
        "precision": 0.08333333333333333,
        "recall": 0.25,
        "f1_score": 0.125
    },
    "confusion_matrix": [
        [
            0,
            0,
            41,
            0
        ],
        [
            0,
            0,
            43,
            0
        ],
        [
            0,
            0,
            50,
            0
        ],
        [
            0,
            0,
            16,
            0
        ]
    ]
}