{
    "accuracy": 0.5666666666666667,
    "precision": [
        0.0,
        0.48,
        0.6533333333333333,
        0.0
    ],
    "recall": [
        0.0,
        0.8372093023255814,
        0.98,
        0.0
    ],
    "f1_score": [
        0.0,
        0.6101694915254238,
        0.784,
        0.0
    ],
    "micro_avg": {
        "precision": 0.5666666666666667,
        "recall": 0.5666666666666667,
        "f1_score": 0.5666666666666667
    },
    "macro_avg": {
        "precision": 0.2833333333333333,
        "recall": 0.4543023255813954,
        "f1_score": 0.3485423728813559
    },
    "confusion_matrix": [
        [
            0,
            33,
            8,
            0
        ],
        [
            0,
            36,
            7,
            0
        ],
        [
            0,
            1,
            49,
            0
        ],
        [
            0,
            5,
            11,
            0
        ]
    ]
}