{
    "accuracy": 0.92,
    "precision": [
        0.9111111111111111,
        0.9487179487179487,
        0.9423076923076923,
        0.7857142857142857
    ],
    "recall": [
        1.0,
        0.8604651162790697,
        0.98,
        0.6875
    ],
    "f1_score": [
        0.9534883720930233,
        0.9024390243902439,
        0.9607843137254902,
        0.7333333333333333
    ],
    "micro_avg": {
        "precision": 0.92,
        "recall": 0.92,
        "f1_score": 0.92
    },
    "macro_avg": {
        "precision": 0.8969627594627594,
        "recall": 0.8819912790697675,
        "f1_score": 0.8875112608855227
    },
    "confusion_matrix": [
        [
            41,
            0,
            0,
            0
        ],
        [
            3,
            37,
            1,
            2
        ],
        [
            0,
            0,
            49,
            1
        ],
        [
            1,
            2,
            2,
            11
        ]
    ]
}